Tanggal,Waktu,T1,H1,T2,H2,T3,H3,T4,H4,T5,H5,T6,H6,T7,H7,T8,H8,T9,H9,T10,H10
2026-3-11,9:18:54,45.50,48.00,57.90,24.70,72.90,12.40,57.50,23.20,67.70,15.40,55.20,22.30,39.30,49.60,0,0,0,0,0,0
2026-3-11,9:24:37,47.60,47.00,58.50,24.60,73.90,12.20,58.50,22.90,69.20,14.90,56.70,21.80,40.10,49.70,0,0,0,0,0,0
2026-3-11,9:25:38,47.70,46.20,58.50,23.60,74.00,11.50,58.40,21.80,69.10,14.20,56.90,19.90,39.70,47.60,0,0,0,0,0,0
2026-3-11,9:26:38,45.60,47.60,57.90,24.80,73.80,12.10,57.00,23.30,67.80,15.40,56.00,21.80,38.80,50.90,0,0,0,0,0,0
2026-3-11,9:27:38,44.40,49.90,58.00,24.00,74.00,11.80,57.30,22.60,67.40,15.40,56.10,20.90,38.70,51.20,50.90,28.50,0,0,0,0
2026-3-11,9:29:16,41.60,55.20,57.70,24.80,73.20,12.30,57.70,23.00,65.90,16.50,55.60,22.20,38.70,52.70,50.80,29.50,48.00,36.30,48.70,33.80
2026-3-11,9:30:16,41.90,56.10,57.30,24.60,72.30,12.50,57.40,23.30,66.00,16.10,55.70,21.70,38.30,51.50,50.90,30.00,48.00,36.40,48.90,33.90
2026-3-11,9:31:16,43.70,51.20,56.20,26.20,71.90,12.60,57.30,22.70,66.50,16.20,55.80,21.80,37.90,53.50,50.70,29.50,48.00,36.00,49.10,33.30
2026-3-11,9:32:16,45.10,48.60,56.20,26.20,71.10,13.10,57.20,23.30,65.40,16.50,55.80,21.60,37.70,53.90,50.70,30.30,48.20,35.40,49.20,32.90
2026-3-11,9:33:16,44.00,50.30,56.20,26.00,70.60,13.10,57.20,23.30,65.10,16.60,55.80,21.40,38.10,53.10,50.60,30.30,48.10,35.40,49.30,33.30
2026-3-11,9:34:16,44.90,49.60,56.20,25.90,70.20,13.40,57.10,23.50,64.40,16.80,55.70,22.20,38.30,51.90,50.40,30.50,48.20,35.70,49.40,33.10
2026-3-11,9:35:16,44.30,49.50,55.90,26.70,69.60,13.50,56.80,23.70,63.40,17.70,55.60,22.10,37.90,53.00,50.30,30.00,48.10,35.60,49.20,32.80
2026-3-11,9:36:16,43.70,50.90,55.40,26.90,68.80,13.50,56.30,23.80,63.00,17.50,55.30,21.30,37.60,53.00,50.10,30.50,48.10,35.80,49.10,33.10
2026-3-11,9:37:16,44.00,50.20,55.20,26.70,68.30,13.70,56.00,23.60,62.40,18.20,55.10,22.10,36.40,55.60,50.00,30.40,48.10,34.60,48.90,33.30
2026-3-11,9:38:16,42.80,52.70,54.70,27.40,68.00,14.10,55.60,24.50,61.20,19.00,54.20,23.20,36.30,56.30,49.70,29.50,47.80,35.30,48.40,33.80
2026-3-11,9:39:16,40.50,56.60,54.20,27.70,67.50,14.70,55.00,25.10,62.00,18.60,53.50,23.70,36.70,55.20,49.30,30.70,47.60,36.10,47.80,34.60
2026-3-11,9:40:17,42.10,52.90,53.90,27.80,66.90,14.80,54.70,25.00,62.70,18.30,53.70,23.20,36.80,55.90,49.10,31.20,47.50,36.10,47.80,34.50
2026-3-11,9:41:17,43.60,51.40,53.70,28.60,66.50,15.50,54.40,25.90,62.10,19.00,53.70,24.10,36.60,57.10,48.90,31.50,47.50,36.60,47.80,34.70
2026-3-11,9:42:17,43.00,51.60,53.30,28.50,65.90,15.30,54.10,25.70,60.70,19.00,53.20,23.80,36.40,55.50,48.80,30.80,47.40,36.50,47.90,34.90
2026-3-11,9:43:17,41.30,54.50,53.10,29.10,65.70,15.50,54.10,25.90,60.30,19.50,52.40,24.80,36.60,54.90,48.40,31.10,47.20,36.50,47.40,34.50
2026-3-11,9:44:17,41.30,55.10,53.30,29.20,65.70,15.80,54.10,26.20,61.30,19.30,52.00,25.80,36.80,55.80,48.20,31.70,46.90,36.90,47.20,36.00
2026-3-11,9:45:17,41.90,54.10,53.70,29.40,66.10,15.70,54.30,26.60,62.30,18.60,51.80,26.40,37.40,54.40,47.80,32.90,46.70,37.40,46.70,36.80
2026-3-11,9:46:17,42.50,53.00,53.70,28.60,66.50,15.30,54.30,25.90,62.60,18.50,51.70,26.20,37.40,54.70,47.60,32.60,46.60,37.70,46.50,37.10
2026-3-11,9:47:17,41.50,54.90,53.80,28.70,66.50,15.20,54.20,26.10,62.20,18.50,51.70,26.00,37.80,53.50,47.60,33.30,46.50,38.00,46.40,37.30
2026-3-11,9:48:17,41.00,56.30,53.80,28.10,66.50,15.10,54.20,25.60,62.90,18.00,52.10,25.10,38.20,52.60,47.40,33.60,46.60,37.70,46.70,36.90
2026-3-11,9:49:17,43.50,51.80,54.10,28.40,66.80,15.40,54.20,26.30,63.80,17.40,52.50,25.40,38.20,52.70,47.40,33.20,46.60,38.10,46.90,36.70
2026-3-11,9:50:17,44.50,50.90,54.30,28.00,67.40,14.80,54.40,26.00,64.50,17.00,52.70,24.90,38.10,53.00,47.60,33.40,46.60,38.00,47.10,36.40
2026-3-11,9:51:17,44.30,51.60,54.60,28.10,67.90,14.80,54.80,25.50,65.50,17.10,53.20,24.90,38.40,54.40,47.70,34.10,46.60,37.90,47.30,36.00
2026-3-11,9:52:17,45.70,49.60,55.00,27.90,68.30,14.40,55.10,25.60,66.10,16.00,53.60,24.30,38.60,52.60,47.80,35.40,46.80,38.30,47.60,36.20
2026-3-11,9:53:17,46.60,47.30,55.60,27.60,69.00,14.30,55.70,24.90,66.50,16.40,54.00,24.20,39.00,52.20,47.80,33.50,46.80,37.70,47.70,35.60
2026-3-11,9:54:18,46.80,46.10,56.20,27.10,69.80,13.80,56.20,24.60,67.10,15.70,54.70,23.50,39.30,50.10,48.00,34.90,47.00,38.00,47.90,36.10
2026-3-11,9:55:18,47.50,45.40,56.50,26.90,70.10,13.80,56.80,24.20,66.30,16.10,55.20,23.10,39.00,51.20,48.10,33.60,47.10,37.70,48.30,35.30
2026-3-11,9:56:18,45.60,48.00,56.30,26.10,70.10,13.30,56.70,23.20,64.90,17.00,54.90,22.50,38.60,51.80,48.30,31.60,47.30,36.80,48.40,33.80
2026-3-11,9:57:18,43.10,52.20,56.00,26.40,70.10,13.50,56.40,24.00,64.60,16.90,54.50,23.20,38.40,52.20,48.20,32.00,47.20,37.30,48.20,34.60
2026-3-11,9:58:18,42.90,52.40,55.90,26.10,70.00,13.40,56.30,23.80,65.20,17.20,54.20,23.00,38.90,51.30,48.30,32.20,47.00,36.60,48.00,34.30
2026-3-11,9:59:18,43.90,51.50,55.80,27.10,69.80,13.80,56.30,24.20,64.30,17.80,54.60,23.50,38.70,53.20,48.40,33.00,47.20,37.10,48.20,34.90
2026-3-11,10:0:18,43.20,53.70,55.60,27.20,69.20,13.80,56.20,24.80,63.00,18.00,54.60,23.30,38.40,52.70,48.30,33.40,47.10,37.50,48.10,35.30
2026-3-11,10:1:18,42.40,53.70,55.10,26.90,68.50,13.90,55.70,24.50,61.80,18.60,54.30,22.80,38.00,53.50,48.30,31.50,47.20,37.00,48.10,34.70
2026-3-11,10:2:18,40.60,57.00,54.50,27.80,67.80,14.50,55.20,25.10,61.30,18.90,53.60,24.00,37.70,54.20,48.10,31.70,47.00,36.70,47.80,35.00
2026-3-11,10:3:18,40.80,56.60,54.40,27.60,67.60,14.40,55.10,24.70,62.60,18.20,52.90,24.10,37.90,52.70,47.90,32.10,46.80,36.40,47.30,35.10
2026-3-11,10:4:18,41.90,54.00,54.50,28.00,67.90,14.30,55.20,24.50,63.10,17.90,52.30,25.20,38.30,53.00,47.50,32.40,46.60,37.20,46.70,36.10
2026-3-11,10:5:18,41.00,56.80,54.70,28.20,67.90,14.80,55.40,25.10,64.30,17.80,52.30,26.10,38.50,52.90,47.20,33.90,46.50,37.80,46.50,36.80
2026-3-11,10:6:18,43.50,52.80,54.90,27.70,68.10,14.80,55.40,25.50,65.30,17.80,52.80,25.80,38.80,54.00,47.30,34.20,46.50,37.90,46.80,36.90
2026-3-11,10:7:18,45.40,50.00,55.50,27.50,68.70,14.30,55.60,25.30,66.30,17.00,53.30,25.10,39.10,53.60,47.40,34.20,46.70,38.90,47.30,36.80
2026-3-11,10:8:18,46.50,49.10,56.30,27.20,69.70,14.10,56.30,25.30,67.30,16.00,54.00,24.90,39.50,51.80,47.50,35.90,46.80,38.90,47.60,37.10
2026-3-11,10:9:19,47.60,47.00,56.70,25.60,70.50,13.60,56.80,24.50,68.50,15.10,54.90,23.50,39.70,50.70,47.70,35.80,47.10,38.40,48.10,36.30
2026-3-11,10:10:19,48.90,44.30,56.70,26.30,71.00,13.30,57.10,23.90,67.60,15.60,55.50,22.90,39.70,50.90,47.80,33.90,47.30,37.60,48.60,35.00
2026-3-11,10:11:19,46.70,48.00,56.80,26.10,71.10,13.10,57.20,23.50,66.70,16.30,55.90,21.80,39.30,51.80,48.00,34.30,47.50,37.20,48.80,34.50
2026-3-11,10:12:19,45.80,49.40,56.80,25.90,70.90,13.40,57.30,23.80,65.40,16.80,56.10,22.40,39.10,51.70,48.10,33.90,47.70,37.20,49.10,34.20
2026-3-11,10:13:19,44.90,50.20,56.40,26.10,70.50,13.30,57.10,23.60,63.80,17.60,55.50,22.40,38.70,52.00,48.20,32.40,47.70,37.20,48.90,34.10
2026-3-11,10:14:19,42.20,53.60,55.60,27.00,69.80,13.60,56.70,24.20,63.00,18.10,55.10,22.70,38.20,53.10,48.20,32.30,47.70,36.80,48.70,34.20
2026-3-11,10:15:19,41.40,55.80,55.00,27.70,69.20,13.90,56.40,24.10,64.30,17.40,54.80,23.10,38.00,53.80,48.20,32.60,47.50,36.70,48.60,34.00
2026-3-11,10:16:19,44.50,50.80,55.20,27.90,69.10,14.20,56.50,24.30,65.50,16.90,55.10,22.90,38.40,54.40,48.10,33.50,47.50,36.90,48.60,34.40
2026-3-11,10:17:19,47.00,47.80,55.70,26.80,69.60,13.80,56.80,23.60,66.30,16.30,55.10,22.70,39.00,51.80,48.10,33.30,47.70,36.50,48.80,34.10
2026-3-11,10:18:19,47.80,46.40,55.70,26.60,70.00,13.40,56.70,23.30,66.40,16.00,54.30,23.00,40.10,48.60,48.00,32.40,47.60,36.10,48.50,33.50
2026-3-11,10:19:19,43.70,51.50,55.90,27.20,70.40,13.60,56.70,24.00,65.60,16.30,54.10,23.60,40.20,48.10,47.80,33.40,47.50,36.80,48.10,35.10
2026-3-11,10:20:19,42.60,53.10,55.90,26.30,70.30,13.30,56.80,23.50,65.60,16.50,54.40,23.20,39.70,49.30,47.80,33.00,47.50,36.70,48.20,34.30
2026-3-11,10:21:19,44.20,50.80,55.90,27.10,70.20,13.60,56.80,24.20,66.50,16.30,55.00,23.10,39.30,51.30,48.00,33.70,47.60,36.20,48.60,34.30
2026-3-11,10:22:19,46.50,46.80,56.20,26.40,70.50,13.30,57.10,23.70,66.60,16.10,55.50,22.50,39.30,51.80,48.00,33.40,47.70,36.40,48.90,34.00
2026-3-11,10:23:20,46.20,48.20,56.50,25.70,70.80,13.00,57.30,23.50,65.00,16.60,55.00,22.50,39.30,50.10,48.10,32.90,47.70,36.00,48.70,33.70
2026-3-11,10:24:20,42.60,52.40,56.40,26.70,70.30,13.60,57.20,23.50,64.00,17.70,55.10,23.00,39.10,51.50,48.10,33.50,47.70,35.70,48.70,33.90
2026-3-11,10:25:20,42.60,53.80,55.80,26.70,69.60,13.50,56.80,23.90,63.30,17.40,55.20,22.10,38.50,51.40,48.10,33.00,47.80,36.50,48.80,33.80
2026-3-11,10:26:20,42.70,53.20,55.40,27.10,68.70,14.10,56.20,24.20,62.80,18.30,54.90,22.80,38.20,53.10,48.10,32.40,47.80,36.40,48.80,33.60
2026-3-11,10:27:20,43.20,52.80,55.20,27.40,68.50,14.10,56.10,24.60,64.10,18.10,54.70,23.10,38.20,54.60,48.00,32.40,47.80,36.50,48.80,33.90
2026-3-11,10:28:20,45.40,49.90,55.30,27.90,69.00,14.30,56.30,24.30,65.30,16.80,54.50,23.90,38.50,53.40,47.90,32.80,47.60,36.40,48.60,34.30
2026-3-11,10:29:20,45.30,49.00,55.50,27.80,69.50,14.20,56.40,24.40,66.30,16.60,54.50,24.10,39.10,52.60,47.90,33.40,47.70,36.60,48.60,34.70
2026-3-11,10:30:20,46.20,48.90,55.70,27.80,70.00,14.30,56.70,24.60,67.10,16.50,54.90,24.40,39.60,53.20,48.00,33.80,47.80,37.30,48.80,34.70
2026-3-11,10:31:20,47.20,47.80,56.10,27.00,70.30,13.50,57.00,24.50,67.50,15.50,55.50,23.20,39.50,51.50,48.10,34.80,47.90,37.10,49.10,35.00
2026-3-11,10:32:20,47.30,46.30,56.00,26.70,70.50,13.40,57.20,23.80,66.30,16.30,55.90,22.10,39.00,53.40,48.20,33.30,48.10,37.00,49.40,34.30
2026-3-11,10:33:20,45.00,49.70,56.00,27.10,70.30,13.70,57.20,24.00,64.90,16.90,55.80,22.60,38.50,52.70,48.30,33.40,48.10,36.60,49.40,33.90
2026-3-11,10:34:20,43.60,51.80,55.70,26.70,69.80,13.60,57.00,23.90,64.40,17.20,55.90,21.90,38.30,51.60,48.40,33.10,48.10,36.20,49.40,33.50
2026-3-11,10:35:20,44.50,49.40,55.70,27.10,69.60,13.70,57.00,23.50,65.20,17.10,55.80,22.10,38.40,53.70,48.30,32.60,48.20,35.50,49.40,33.00
2026-3-11,10:36:20,46.10,49.40,55.60,27.30,69.50,13.80,56.90,24.00,64.10,17.50,55.60,22.50,38.30,52.50,48.30,33.40,48.10,36.10,49.40,33.70
2026-3-11,10:37:21,44.30,50.10,54.50,28.50,68.60,14.40,54.90,26.00,62.00,18.50,54.40,23.40,37.90,53.40,48.00,32.80,47.10,35.10,48.60,32.60
2026-3-11,10:38:21,43.20,52.00,53.30,29.30,67.60,14.70,51.20,29.40,59.60,20.90,52.20,25.70,37.30,56.10,46.80,34.90,44.70,37.90,46.80,35.20
2026-3-11,10:39:21,41.70,56.00,51.80,31.20,66.30,15.70,48.50,33.40,58.40,22.30,50.60,28.50,36.50,58.80,45.70,36.70,43.60,41.40,44.70,39.60
2026-3-11,10:40:21,41.20,55.80,51.70,30.70,65.80,15.60,49.30,31.80,58.90,20.80,51.00,27.10,36.40,56.60,45.40,37.30,44.30,41.80,44.50,41.20
2026-3-11,10:41:21,41.70,55.70,51.50,30.90,65.50,16.00,50.70,30.20,59.30,20.50,51.70,26.20,36.40,56.80,45.70,36.10,45.00,40.30,45.40,38.80
2026-3-11,10:42:21,42.60,53.20,51.70,30.40,65.10,15.80,51.50,28.90,60.30,19.40,52.20,25.10,36.60,55.50,45.90,36.30,45.60,39.30,46.10,37.70
2026-3-11,10:43:21,44.20,50.60,52.00,30.30,65.00,15.70,52.20,27.80,61.70,18.80,52.70,24.60,36.90,55.70,45.90,36.00,45.90,38.70,46.70,36.90
2026-3-11,10:44:21,46.20,47.80,51.90,29.90,65.20,15.70,52.70,27.40,63.00,17.70,53.10,24.20,37.60,53.60,46.10,35.60,46.10,38.30,47.10,36.30
2026-3-11,10:45:21,47.10,46.50,52.10,30.80,65.60,16.20,53.20,27.10,62.90,18.30,53.40,24.60,38.10,54.70,46.10,35.90,46.20,38.00,47.20,36.10
2026-3-11,10:46:21,46.30,48.40,52.60,30.40,65.70,15.80,53.70,27.30,62.90,18.70,53.60,24.40,38.30,55.00,46.30,36.80,46.50,38.30,47.50,35.90
2026-3-11,10:47:21,46.90,48.60,53.10,30.30,66.20,15.90,54.20,27.00,64.40,18.10,53.90,24.50,38.60,53.80,46.30,37.00,46.60,38.80,47.80,35.80
2026-3-11,10:48:21,49.20,45.10,53.60,29.50,66.90,15.40,54.70,26.10,65.80,16.60,54.40,23.60,39.00,53.10,46.40,37.60,46.80,38.40,48.20,35.80
2026-3-11,10:49:21,50.40,43.10,54.20,28.60,67.60,14.90,55.30,25.60,66.00,16.60,54.90,23.10,39.30,50.80,46.50,36.90,47.10,38.10,48.50,35.10
2026-3-11,10:50:21,49.50,42.70,54.60,28.10,68.20,14.60,55.70,24.90,66.00,16.90,55.30,22.60,39.40,52.10,46.70,35.90,47.20,37.00,48.80,34.00
2026-3-11,10:51:21,49.10,45.20,55.10,28.70,68.70,14.80,56.00,25.50,65.50,17.20,55.50,23.30,39.40,52.20,46.70,36.10,47.40,37.90,49.00,34.50
2026-3-11,10:52:22,47.60,46.80,55.40,27.80,69.00,14.40,56.40,24.70,65.90,16.90,55.80,22.60,39.40,51.50,47.00,35.90,47.60,37.40,49.30,34.30
2026-3-11,10:53:22,48.20,45.70,55.50,27.40,69.20,13.90,56.50,24.10,65.70,16.70,56.00,22.10,39.30,51.50,47.20,35.80,47.80,36.70,49.40,33.60
2026-3-11,10:54:22,47.70,46.40,55.60,27.50,69.60,13.80,56.80,24.30,66.30,16.40,56.30,22.20,39.50,51.10,47.20,35.40,47.90,36.40,49.60,33.40
2026-3-11,10:55:22,48.50,45.30,55.80,27.30,69.70,13.60,57.20,23.90,65.80,16.30,56.40,21.70,39.50,50.10,47.30,35.70,48.00,36.20,49.70,33.50
2026-3-11,10:56:22,47.80,45.60,55.80,27.00,69.70,13.80,57.20,23.80,64.90,17.20,56.50,21.80,39.30,51.50,47.40,35.10,48.20,35.80,49.80,32.80
2026-3-11,10:57:22,46.70,46.90,55.90,26.10,69.70,13.60,57.20,23.20,65.30,16.60,56.30,20.90,39.20,51.30,47.50,33.10,48.20,35.80,49.80,32.40
2026-3-11,10:58:22,46.60,46.90,56.10,26.40,70.10,13.60,57.30,22.90,66.20,16.70,56.00,22.00,39.40,51.30,47.50,33.30,48.30,35.50,49.60,32.40
2026-3-11,10:59:22,47.00,47.00,55.70,26.80,70.20,13.30,57.30,23.20,66.70,16.30,56.10,21.70,39.40,52.40,47.50,33.90,48.10,35.20,49.60,32.50
2026-3-11,11:0:22,46.70,49.30,55.80,27.10,70.20,13.80,57.30,23.60,65.80,16.50,56.20,21.70,39.20,50.40,47.60,33.80,48.20,36.60,49.70,33.10
2026-3-11,11:1:22,44.70,49.70,55.50,26.70,70.40,13.20,56.70,23.40,64.20,17.20,54.80,22.70,39.50,49.70,47.50,32.60,48.10,35.00,49.10,32.50
2026-3-11,11:2:22,40.80,56.20,55.60,27.70,70.50,13.50,56.40,24.20,64.00,18.00,53.80,24.40,39.90,50.40,47.20,33.90,47.80,35.90,48.30,34.40
2026-3-11,11:3:22,40.50,59.00,55.70,27.80,70.30,13.90,56.50,25.00,63.60,18.30,53.90,24.60,39.40,51.80,47.10,35.00,47.70,37.00,48.00,35.80
2026-3-11,11:4:22,40.70,58.40,55.50,28.00,69.70,14.40,56.40,25.10,62.60,19.20,53.90,24.80,39.00,52.60,47.00,35.10,47.70,37.30,48.00,36.00
2026-3-11,11:5:22,40.50,57.60,55.10,28.10,68.70,14.60,56.00,25.30,61.80,19.40,54.00,24.40,38.50,54.30,47.00,35.00,47.60,37.30,48.10,36.10
2026-3-11,11:6:23,40.50,58.60,54.50,27.60,68.10,14.20,55.50,24.90,61.10,19.30,53.20,24.10,38.10,52.20,46.90,33.50,47.50,35.90,47.90,34.20
2026-3-11,11:7:23,39.00,58.60,53.90,27.70,67.60,14.10,54.20,25.40,60.40,19.50,51.60,25.30,37.90,53.50,46.50,33.50,47.00,35.30,46.80,34.70
2026-3-11,11:8:23,37.80,62.90,53.60,28.50,67.10,14.80,53.90,26.30,60.60,19.90,51.00,27.20,37.90,54.60,45.90,35.10,46.80,36.70,46.20,36.60
2026-3-11,11:9:23,39.40,60.30,53.10,29.90,66.60,15.50,53.70,26.80,62.40,18.60,51.10,27.80,38.10,54.00,45.70,36.80,46.50,38.60,46.00,38.40
2026-3-11,11:10:23,42.30,55.40,52.90,29.60,66.50,15.40,53.00,27.20,63.60,17.70,50.90,27.00,38.80,51.10,45.60,35.80,46.40,38.20,46.20,37.90
2026-3-11,11:11:23,41.90,53.70,53.10,29.50,66.80,15.30,52.30,28.70,64.10,17.60,49.50,29.20,38.90,52.00,45.30,36.70,46.10,38.10,45.70,38.40
2026-3-11,11:12:23,41.70,56.10,53.80,30.50,67.60,15.50,53.10,29.10,65.50,17.50,50.40,30.10,38.90,53.00,45.10,38.40,46.00,39.70,45.70,39.60
2026-3-11,11:13:23,43.80,52.60,54.40,29.20,68.60,14.90,54.00,27.90,66.40,17.60,51.60,28.30,39.10,54.50,45.20,38.60,46.20,40.00,46.30,39.30
2026-3-11,11:14:23,45.60,51.40,55.20,28.80,69.60,14.40,55.00,27.00,67.30,16.40,52.60,26.90,39.50,53.10,45.30,39.70,46.40,40.20,46.90,38.70
2026-3-11,11:15:23,46.60,48.30,56.00,27.80,70.50,13.90,55.90,26.00,68.20,16.00,53.60,25.90,39.90,52.60,45.50,39.80,46.50,40.20,47.40,38.40
2026-3-11,11:16:23,47.20,48.70,56.30,27.80,71.30,13.50,56.50,25.10,68.50,16.20,54.20,25.10,39.90,53.20,45.70,38.00,46.80,39.60,47.80,37.10
2026-3-11,11:17:23,46.60,49.80,56.80,27.30,72.20,13.30,57.00,24.60,68.20,15.70,54.70,24.20,39.90,51.70,45.90,37.90,46.90,39.50,48.00,36.80
2026-3-11,11:18:23,45.90,49.80,57.00,26.10,72.90,12.60,57.40,23.20,68.50,15.20,54.60,23.70,40.60,48.90,46.00,36.50,47.00,39.30,47.90,36.10
2026-3-11,11:19:23,44.30,50.90,57.10,26.00,73.40,12.80,56.80,24.10,69.20,15.50,54.30,24.30,41.80,49.10,45.90,36.90,46.80,38.10,47.50,36.10
2026-3-11,11:20:24,43.70,54.40,57.90,26.70,74.00,12.80,57.50,24.30,69.90,15.10,55.00,24.20,41.70,47.10,45.90,37.80,46.90,39.30,47.70,37.10
2026-3-11,11:21:24,45.10,50.50,58.20,25.20,74.50,12.20,58.10,23.80,70.70,14.50,55.70,23.00,41.40,47.60,46.10,37.80,46.90,38.40,48.00,36.40
2026-3-11,11:22:24,46.40,47.60,58.50,24.20,74.80,11.70,58.70,22.30,71.70,13.70,56.60,21.30,41.30,47.20,46.30,37.20,47.30,36.90,48.60,34.50
2026-3-11,11:23:24,48.30,46.30,59.10,24.50,75.70,11.80,59.30,22.50,72.70,14.00,57.60,21.20,41.10,49.30,46.50,37.40,47.70,37.40,49.30,34.30
2026-3-11,11:24:24,49.70,45.60,59.40,25.00,76.20,11.80,59.80,22.50,72.70,14.00,58.00,21.90,40.90,49.80,46.70,37.90,48.00,37.50,49.70,34.20
2026-3-11,11:25:24,49.60,45.30,60.10,24.20,77.00,11.40,60.40,22.10,73.40,13.40,58.80,20.30,40.80,49.60,46.80,38.00,48.20,37.30,50.30,33.70
2026-3-11,11:26:24,50.60,44.40,60.40,23.50,77.40,11.30,60.90,21.50,73.40,13.50,59.10,19.80,41.20,48.70,47.20,36.00,48.60,36.90,50.70,32.40
2026-3-11,11:27:24,49.40,45.40,61.00,23.30,78.20,11.10,61.30,21.20,73.40,13.80,58.70,19.90,41.60,49.00,47.30,35.60,48.70,36.50,50.50,32.70
2026-3-11,11:28:24,47.90,47.80,61.30,22.70,78.80,10.70,61.40,20.90,73.00,13.50,58.00,20.30,41.40,47.60,47.40,34.60,48.70,36.30,50.40,32.30
2026-3-11,11:29:24,45.00,51.30,61.30,22.60,79.10,10.30,60.80,20.80,71.40,14.40,56.20,22.50,41.40,48.00,47.40,34.90,48.30,35.50,49.60,33.30
2026-3-11,11:30:24,42.10,55.50,61.10,22.60,78.90,10.60,61.00,21.00,69.30,14.70,55.80,22.00,40.90,47.40,47.30,34.00,48.30,36.40,49.30,34.40
2026-3-11,11:31:24,40.20,57.50,60.70,22.70,78.30,10.60,60.60,20.90,68.10,15.40,55.10,23.00,40.40,48.90,47.30,33.90,48.10,35.90,48.70,33.80
2026-3-11,11:32:24,40.20,58.60,60.40,23.20,77.30,10.90,60.40,21.20,68.70,15.50,55.50,23.00,40.10,51.30,47.20,34.70,48.10,36.00,48.70,34.50
2026-3-11,11:33:24,42.80,55.90,60.20,23.90,76.60,11.60,60.20,21.70,69.10,15.60,56.20,22.90,40.00,52.40,47.10,35.80,48.30,36.50,49.20,34.60
2026-3-11,11:34:25,44.10,52.70,60.10,23.60,76.20,11.60,60.20,21.90,70.30,14.80,56.80,22.00,40.20,51.50,47.20,35.60,48.40,36.60,49.60,34.30
2026-3-11,11:35:25,46.20,50.30,60.20,23.80,76.20,11.60,60.40,22.00,71.10,15.10,57.40,22.00,40.40,51.70,47.20,35.80,48.50,36.90,49.80,33.60
2026-3-11,11:36:25,47.50,47.60,60.30,23.70,76.40,11.60,60.50,21.70,70.80,14.60,57.50,21.40,40.50,50.80,47.30,35.60,48.60,36.40,50.00,33.90
2026-3-11,11:37:25,45.70,51.00,59.60,23.90,76.20,11.40,60.40,21.60,70.70,14.40,57.60,21.40,40.20,49.50,47.40,35.20,48.70,36.00,50.00,32.90
2026-3-11,11:38:25,45.40,49.40,59.20,24.10,76.10,11.60,60.50,21.40,71.20,14.00,57.70,21.00,40.30,49.90,47.40,35.00,48.90,36.00,50.20,32.50
2026-3-11,11:39:25,46.30,48.30,59.40,24.60,76.40,11.50,60.60,21.60,71.50,14.00,57.60,20.90,40.60,50.00,47.60,35.10,48.80,36.00,50.20,32.90
2026-3-11,11:40:25,46.30,49.10,59.40,24.30,76.40,11.30,60.70,21.00,70.70,14.60,57.90,20.50,40.10,50.20,47.60,35.60,49.00,35.30,50.30,32.60
2026-3-11,11:41:25,44.80,51.20,59.20,24.30,76.10,11.50,60.60,21.30,69.40,14.80,57.90,20.80,39.90,50.40,47.70,34.40,49.10,35.30,50.50,31.90
2026-3-11,11:42:25,44.10,51.90,59.00,23.90,75.80,11.50,60.30,20.90,69.30,14.90,57.50,20.40,39.80,50.00,47.80,33.70,49.10,35.00,50.30,31.80
2026-3-11,11:43:25,44.90,50.40,58.90,24.40,75.70,11.60,60.20,21.20,70.60,14.60,57.70,20.90,40.20,49.90,47.70,35.30,49.10,34.70,50.30,32.00
2026-3-11,11:44:25,47.20,48.10,59.40,24.80,76.10,12.00,60.60,21.60,71.70,14.60,58.20,21.20,40.60,51.70,47.60,36.30,49.20,35.20,50.50,32.20
2026-3-11,11:45:25,48.30,46.30,59.80,24.40,76.40,11.70,61.00,21.60,71.50,13.80,58.90,20.40,40.80,48.80,47.50,36.20,49.40,36.30,50.90,32.80
2026-3-11,11:46:25,48.00,45.80,60.10,23.60,76.70,11.50,61.10,21.20,71.50,14.00,58.90,19.90,40.90,49.20,47.80,34.80,49.50,35.20,51.10,31.70
2026-3-11,11:47:25,48.00,46.40,60.10,23.90,77.00,11.50,61.20,21.10,73.00,13.80,58.90,20.00,41.20,49.80,47.80,35.70,49.50,34.90,51.10,31.70
2026-3-11,11:48:25,49.10,46.20,60.30,23.80,77.30,11.30,61.40,20.90,73.90,13.80,59.50,19.50,41.40,49.30,47.90,34.80,49.70,35.20,51.40,31.30
2026-3-11,11:49:26,50.30,44.10,60.50,23.30,77.90,11.00,61.60,20.80,74.20,13.30,59.80,19.40,41.50,48.40,48.10,35.50,49.90,34.70,51.60,31.10
2026-3-11,11:50:26,49.10,45.20,60.40,23.30,78.30,11.00,61.80,20.40,73.10,13.50,60.20,18.90,41.20,48.90,48.10,35.80,50.10,34.10,51.80,30.70
2026-3-11,11:51:26,47.20,48.70,60.40,23.10,78.10,10.90,62.00,20.00,71.30,14.10,60.10,18.50,40.80,49.20,48.30,33.90,50.30,33.70,52.00,30.40
2026-3-11,11:52:26,46.00,49.40,60.50,22.70,77.70,11.00,61.90,20.00,70.30,14.60,59.40,19.00,40.60,48.50,48.40,32.70,50.30,33.80,51.80,29.70
2026-3-11,11:53:26,44.80,50.40,60.70,22.90,77.60,11.10,61.20,20.70,70.20,15.00,58.10,20.50,41.30,49.10,48.20,33.60,50.10,33.40,51.00,30.80
2026-3-11,11:54:26,43.70,53.30,60.50,23.20,77.60,11.10,60.80,21.10,70.90,14.60,57.70,21.10,41.00,49.10,48.10,33.70,49.80,33.70,50.70,31.40
2026-3-11,11:55:26,44.10,52.80,60.20,23.60,77.60,11.10,60.60,21.40,71.70,14.00,57.40,21.30,41.10,48.50,48.00,34.80,49.70,34.20,50.30,32.50
2026-3-11,11:56:26,45.60,49.70,60.30,23.70,77.60,11.10,60.70,21.30,71.80,14.00,58.00,21.00,41.00,48.70,47.90,35.00,49.80,34.20,50.60,32.00
2026-3-11,11:57:26,46.30,49.60,60.30,22.90,77.80,10.80,61.20,20.90,72.30,13.60,58.50,19.50,40.60,49.40,47.90,34.70,50.00,33.80,51.00,31.60
2026-3-11,11:58:26,46.70,48.70,60.80,23.10,78.20,10.70,61.60,20.50,72.90,13.90,58.70,20.00,40.50,49.90,48.00,34.00,50.10,33.90,51.10,31.00
2026-3-11,11:59:26,47.80,46.70,61.10,23.00,78.40,11.00,62.00,20.50,73.50,13.40,59.40,19.80,40.80,49.50,48.00,35.00,50.20,34.40,51.40,31.30
2026-3-11,12:0:26,48.80,45.60,61.40,22.90,79.00,10.70,62.40,20.30,73.50,13.40,59.70,19.00,40.90,48.90,48.20,34.80,50.30,33.90,51.40,31.40
2026-3-11,12:1:26,47.80,47.30,61.60,22.10,79.10,10.50,62.50,19.70,74.10,13.30,60.10,18.40,41.10,49.60,48.30,34.70,50.40,33.20,51.50,30.50
2026-3-11,12:2:26,49.10,46.60,61.90,22.80,79.50,10.70,62.90,20.20,74.70,13.20,60.70,19.00,41.40,48.50,48.20,35.10,50.60,33.70,52.00,30.50
2026-3-11,12:3:27,50.20,45.40,62.30,22.30,80.20,10.40,63.20,19.80,74.60,13.00,60.30,19.00,41.70,48.30,48.40,34.90,50.60,33.60,52.00,30.50
2026-3-11,12:4:27,47.90,47.20,62.40,21.80,80.70,10.10,63.20,19.60,74.50,13.00,59.80,18.60,41.70,46.30,48.50,33.40,50.70,33.90,51.90,30.70
2026-3-11,12:5:27,46.30,47.50,62.50,21.80,80.90,10.00,62.50,19.80,74.10,13.20,58.30,20.40,42.10,47.40,48.30,33.20,50.50,32.40,51.20,30.30
2026-3-11,12:6:27,44.00,52.60,62.50,21.70,81.00,10.00,62.30,19.70,73.90,13.00,57.90,20.20,42.00,46.10,48.20,33.30,50.40,33.30,50.90,31.10
2026-3-11,12:7:27,44.00,51.70,62.90,21.70,81.10,10.00,62.40,20.10,74.00,13.40,57.60,21.20,42.30,47.10,48.10,33.30,50.10,33.40,50.60,31.40
2026-3-11,12:8:27,44.40,52.40,62.80,21.70,81.40,9.90,62.20,20.10,73.70,13.30,57.20,21.40,42.50,45.20,48.10,33.90,50.10,33.70,50.40,32.00
2026-3-11,12:9:27,43.60,53.00,62.00,22.00,80.80,10.20,61.10,20.70,73.60,13.30,56.30,22.10,43.10,44.00,47.80,33.90,49.80,34.30,49.80,33.00
2026-3-11,12:10:27,42.90,53.60,61.40,22.00,80.10,10.00,59.40,21.30,73.10,13.20,54.80,22.80,43.20,42.90,47.40,33.30,49.40,33.40,49.00,32.70
2026-3-11,12:11:27,41.70,55.40,60.20,23.60,79.00,10.50,57.80,23.20,73.10,13.50,53.40,25.40,42.90,45.20,47.00,35.70,49.10,33.90,48.30,34.60
2026-3-11,12:12:27,41.70,56.90,60.20,23.90,79.30,10.70,58.60,22.90,73.50,13.60,54.00,25.00,42.80,45.70,46.70,36.40,48.90,35.30,48.30,35.70
2026-3-11,12:13:27,43.30,53.80,60.10,24.00,79.60,10.30,58.80,23.20,73.20,13.70,54.10,24.80,43.10,45.20,46.60,35.60,48.70,34.90,48.30,35.00
2026-3-11,12:14:27,43.40,54.80,60.60,23.80,79.80,10.50,59.60,23.20,73.80,13.70,55.50,24.10,42.70,47.20,46.70,37.10,48.70,35.90,48.60,35.60
2026-3-11,12:15:27,44.80,53.40,61.10,23.40,80.10,10.30,60.60,21.80,74.40,13.20,56.80,22.70,42.20,47.00,46.80,38.00,49.00,36.30,49.30,35.30
2026-3-11,12:16:27,46.60,49.60,60.70,22.70,80.10,10.20,61.20,20.80,74.70,12.80,57.80,21.20,41.50,46.80,46.90,36.60,49.20,35.60,49.90,33.30
2026-3-11,12:17:28,47.00,47.70,61.10,23.00,80.40,10.20,61.80,20.40,74.90,12.80,58.40,20.40,41.20,48.90,47.00,35.90,49.30,35.00,50.50,32.20
2026-3-11,12:18:28,47.30,47.70,61.50,22.80,80.50,10.10,62.10,20.20,74.90,13.10,59.00,19.80,41.00,49.10,47.10,36.00,49.50,34.70,50.80,31.70
2026-3-11,12:19:28,47.80,47.50,61.60,22.50,81.10,10.00,61.90,20.40,74.80,12.90,58.80,19.80,41.60,47.60,47.20,36.20,49.60,34.60,51.00,31.60
2026-3-11,12:20:28,46.20,49.80,61.80,23.10,81.30,10.20,62.00,20.60,75.10,13.20,58.90,21.00,41.80,48.60,47.20,36.30,49.60,34.70,50.80,32.20
2026-3-11,12:21:28,46.20,49.50,62.00,22.70,81.40,10.00,62.70,20.10,75.10,12.80,59.20,20.20,42.00,47.20,47.20,36.30,49.60,34.80,50.90,31.80
2026-3-11,12:22:28,46.30,50.00,62.40,22.10,81.70,9.90,63.20,19.80,75.10,13.20,59.50,19.90,42.10,48.10,47.30,36.50,49.70,35.20,51.20,32.20
2026-3-11,12:23:28,46.40,50.40,62.40,22.00,81.60,10.00,63.60,19.80,75.40,13.00,59.90,19.60,42.20,47.00,47.40,36.50,49.90,34.90,51.40,31.60
2026-3-11,12:24:28,47.20,47.90,61.40,22.40,81.50,9.80,63.60,18.90,75.80,12.50,60.00,18.80,42.10,46.60,47.50,36.30,50.10,33.60,51.70,30.60
2026-3-11,12:25:28,48.30,45.30,61.50,22.90,81.60,9.80,63.10,19.50,75.30,12.80,59.80,19.60,42.70,47.60,47.50,35.50,50.20,33.20,51.70,30.40
2026-3-11,12:26:28,46.60,49.10,61.70,22.60,81.40,9.80,62.90,19.90,75.00,13.10,59.00,19.80,43.10,46.30,47.50,35.30,50.10,33.30,51.20,30.90
2026-3-11,12:27:28,45.40,52.00,62.20,22.30,81.50,9.90,63.00,19.90,75.40,12.70,59.20,19.70,42.70,46.10,47.50,35.80,50.10,34.40,51.30,31.70
2026-3-11,12:28:28,46.70,49.50,62.20,22.30,81.60,9.90,63.30,19.70,76.20,12.70,60.00,18.90,42.30,47.20,47.70,36.30,50.30,34.10,51.60,31.20
2026-3-11,12:29:28,48.00,48.40,62.00,23.10,81.60,10.00,63.50,20.00,76.30,12.90,60.10,19.30,42.00,48.30,47.90,35.10,50.50,34.20,51.80,30.90
2026-3-11,12:30:28,48.40,46.30,62.10,22.40,81.80,10.00,63.40,19.80,75.80,12.80,59.80,19.30,42.00,47.50,48.10,34.70,50.60,34.20,52.00,31.00
2026-3-11,12:31:29,47.10,48.70,61.60,22.50,80.80,9.90,61.20,20.70,75.10,13.00,58.00,20.90,42.60,46.30,47.90,34.20,50.40,33.10,51.20,30.80
2026-3-11,12:32:29,43.90,53.70,62.00,22.70,81.00,10.20,61.40,21.00,75.70,12.80,58.60,20.80,42.50,46.70,47.80,35.10,50.20,34.30,51.00,31.90
2026-3-11,12:33:29,45.70,50.40,62.30,22.60,81.60,10.20,62.20,20.70,75.30,13.00,59.00,20.60,42.30,47.80,47.70,35.80,50.30,34.40,51.40,31.60
2026-3-11,12:34:29,46.30,50.30,62.30,22.10,82.00,9.70,61.60,20.80,75.20,12.90,58.50,20.60,42.60,45.10,47.80,35.20,50.30,34.20,51.10,31.40
2026-3-11,12:35:29,44.80,50.50,61.50,22.00,81.90,9.50,60.90,20.50,75.00,12.70,57.60,20.50,42.80,44.30,47.50,33.70,50.00,32.90,50.50,31.10
2026-3-11,12:36:29,43.50,52.50,60.70,22.70,80.90,9.90,59.10,22.20,74.50,12.90,55.90,22.60,43.20,44.10,47.40,34.40,49.60,34.20,49.70,32.50
2026-3-11,12:37:29,42.80,53.40,60.80,23.40,80.40,10.40,58.40,22.80,74.40,13.30,55.10,24.10,43.00,46.10,47.00,36.00,49.30,34.00,49.00,33.90
2026-3-11,12:38:29,43.20,55.50,61.30,22.00,80.70,9.90,59.50,21.50,74.30,12.90,56.00,22.00,42.70,44.30,46.90,35.40,49.30,35.20,49.40,34.60
2026-3-11,12:39:29,44.30,51.00,60.80,22.50,80.50,10.10,58.80,22.10,74.10,12.90,55.30,22.70,43.00,44.00,46.80,35.10,49.10,34.20,49.30,33.10
2026-3-11,12:40:29,43.00,53.70,60.80,22.90,80.70,10.20,59.40,22.00,74.40,13.00,55.40,23.30,42.90,45.00,46.60,36.30,49.00,34.70,49.10,33.30
2026-3-11,12:41:29,44.00,52.70,60.90,22.90,80.90,10.00,60.20,21.60,74.90,12.70,56.60,21.80,42.50,45.40,46.60,35.80,49.20,35.10,49.60,33.50
2026-3-11,12:42:29,45.00,51.00,61.10,22.60,81.20,10.00,60.50,21.20,75.10,12.70,56.70,22.60,43.10,45.60,46.60,36.80,49.20,34.60,49.70,32.90
2026-3-11,12:43:29,45.10,51.40,61.50,22.70,81.30,9.90,61.20,21.00,75.60,12.80,57.50,21.50,43.00,45.30,46.60,36.60,49.30,35.10,50.20,32.50
2026-3-11,12:44:29,46.10,50.10,60.70,22.90,80.60,10.00,59.50,21.80,75.10,12.60,56.40,22.10,43.50,43.30,46.60,35.30,49.10,34.40,49.90,31.90
2026-3-11,12:45:29,43.60,52.60,60.60,22.90,80.20,10.10,59.30,22.00,75.60,12.50,56.60,21.90,43.00,44.70,46.40,37.40,49.00,34.80,49.50,33.00
2026-3-11,12:46:30,45.20,51.00,61.10,22.90,80.50,10.20,60.50,21.80,76.20,12.50,58.10,20.70,42.60,45.90,46.60,37.70,49.20,35.00,50.30,32.80
2026-3-11,12:47:30,47.70,47.60,61.70,23.00,81.00,10.30,61.50,21.10,76.40,12.70,59.20,20.20,42.20,47.50,46.80,37.50,49.60,34.70,51.00,31.80
2026-3-11,12:48:30,47.90,48.00,61.80,22.30,81.30,9.90,61.60,20.40,75.70,12.40,58.90,19.60,42.40,45.90,46.90,35.50,49.70,34.20,51.20,30.80
2026-3-11,12:49:30,46.00,49.40,62.00,22.90,81.50,10.10,61.50,21.10,75.30,13.10,58.00,22.00,43.00,46.80,46.80,36.60,49.50,34.80,50.70,31.60
2026-3-11,12:50:30,45.10,52.20,62.30,22.80,81.70,10.10,61.90,21.10,75.20,13.10,57.80,22.10,43.30,45.20,46.80,37.60,49.50,35.80,50.70,33.10
2026-3-11,12:51:30,45.20,51.10,62.10,22.30,81.80,9.90,61.50,21.30,74.90,12.90,57.30,22.10,43.90,43.80,46.70,36.60,49.30,35.00,50.30,32.40
2026-3-11,12:52:30,44.50,52.30,62.10,22.40,81.70,10.00,61.20,21.10,75.60,13.00,57.40,22.60,43.90,45.40,46.70,37.50,49.30,35.10,50.10,33.20
2026-3-11,12:53:30,45.70,50.70,62.30,22.50,81.80,9.90,61.30,21.10,75.80,12.70,57.70,21.50,43.70,44.30,46.80,36.90,49.40,35.10,50.60,32.30
2026-3-11,12:54:30,45.50,51.20,62.40,22.40,82.00,10.00,61.80,20.50,75.70,12.90,57.70,21.70,43.40,44.90,46.90,36.70,49.50,35.50,50.60,32.50
2026-3-11,12:55:30,45.50,51.10,62.30,22.60,81.90,10.00,62.50,20.70,75.90,12.80,58.30,21.20,42.90,46.30,46.80,38.30,49.50,35.20,50.90,32.50
2026-3-11,12:56:30,46.90,49.90,62.90,22.20,82.20,9.80,63.30,20.10,75.50,12.70,59.00,20.40,42.40,46.20,47.00,37.40,49.80,35.60,51.30,31.90
2026-3-11,12:57:30,46.80,48.80,63.10,21.80,82.40,9.90,63.80,19.60,75.40,13.10,59.40,20.10,42.30,48.00,47.10,36.50,50.00,35.20,51.60,31.50
2026-3-11,12:58:30,46.80,49.10,62.40,21.90,82.00,9.70,62.20,19.80,74.60,13.10,58.00,20.70,42.90,45.80,47.20,36.50,49.90,33.20,51.10,30.50
2026-3-11,12:59:30,44.00,54.00,62.40,22.20,81.80,10.00,62.50,20.30,74.80,13.10,58.60,20.70,42.50,46.90,47.20,37.20,50.00,34.40,51.10,32.10
2026-3-11,13:0:31,45.20,52.00,62.60,22.20,81.70,10.00,62.90,19.90,74.40,13.10,58.60,20.50,42.30,46.90,47.20,36.00,50.10,34.30,51.50,31.10
2026-3-11,13:1:31,45.00,51.90,62.70,21.60,81.90,9.60,62.90,19.60,74.40,12.80,57.90,20.70,42.40,46.00,47.40,34.90,49.90,33.30,51.00,30.70
2026-3-11,13:2:31,43.10,53.90,62.80,21.40,82.00,9.50,62.80,19.10,74.00,12.80,57.00,20.60,41.60,46.80,47.10,34.40,49.90,33.50,50.60,31.40
2026-3-11,13:3:31,42.30,54.60,62.70,21.60,81.60,9.70,62.10,20.00,73.50,13.20,56.50,22.00,41.20,48.00,47.00,35.20,49.70,33.30,50.20,31.70
2026-3-11,13:4:31,41.80,57.20,62.40,21.60,81.30,9.70,61.50,20.20,71.70,13.60,56.10,22.00,40.20,49.30,46.90,34.70,49.50,33.20,50.10,31.60
2026-3-11,13:5:31,39.70,60.00,62.00,22.10,80.10,10.10,61.10,20.60,70.90,14.40,56.30,22.60,40.10,50.70,46.70,36.00,49.40,33.90,49.80,32.40
2026-3-11,13:6:31,40.30,60.30,60.90,23.10,78.80,10.40,61.00,21.00,70.80,14.70,56.90,22.10,39.80,52.60,46.60,36.20,49.50,34.70,50.20,32.40
2026-3-11,13:7:31,42.20,57.30,60.40,23.20,77.90,10.90,60.80,21.30,70.60,14.70,57.10,22.20,39.20,53.00,46.70,37.00,49.40,34.70,50.30,32.40
2026-3-11,13:8:31,43.10,54.20,60.20,24.20,77.30,11.40,60.70,21.70,71.20,14.90,57.70,21.90,39.50,54.80,46.60,38.10,49.40,35.50,50.40,32.60
2026-3-11,13:9:31,45.70,51.80,59.80,24.30,76.90,11.60,60.90,22.10,71.30,14.40,58.00,21.20,39.50,52.10,46.50,37.90,49.50,36.30,50.50,33.70
2026-3-11,13:10:31,45.70,50.40,59.70,23.80,76.90,11.30,60.80,21.30,71.20,14.10,56.70,21.50,40.10,49.80,46.70,36.00,49.40,34.60,50.30,32.00
2026-3-11,13:11:31,44.00,51.90,59.60,24.10,77.20,11.00,60.10,21.50,71.00,14.40,55.20,23.50,40.80,49.30,46.50,35.90,49.20,34.90,49.50,32.60
2026-3-11,13:12:31,42.80,54.50,59.10,24.70,76.80,11.50,60.10,22.10,70.70,14.70,55.40,23.80,40.50,50.80,46.50,36.70,49.10,35.00,49.60,33.50
2026-3-11,13:13:31,43.20,55.50,59.30,24.80,76.80,11.50,60.00,22.20,71.00,14.50,56.10,23.50,40.60,51.10,46.50,38.50,49.10,35.70,49.90,33.70
2026-3-11,13:14:32,44.60,52.90,59.40,24.70,76.50,11.60,60.10,22.40,71.60,14.20,57.10,22.10,40.60,51.20,46.50,38.70,49.20,36.50,50.20,34.00
2026-3-11,13:15:32,46.50,50.70,59.50,25.20,76.60,11.70,60.70,22.30,72.40,14.40,57.70,22.20,40.80,52.10,46.70,38.60,49.30,35.90,50.60,33.40
2026-3-11,13:16:32,47.30,49.20,59.80,25.10,77.00,11.80,61.10,22.10,72.10,14.80,58.10,22.40,40.90,52.80,46.70,38.40,49.50,36.10,50.90,33.30
2026-3-11,13:17:32,47.00,51.60,60.10,24.60,77.20,11.30,61.50,21.60,72.30,14.30,58.50,21.50,40.90,51.10,46.80,39.10,49.70,36.30,51.20,33.20
2026-3-11,13:18:32,46.80,48.40,60.30,24.20,77.30,11.30,61.70,21.30,72.70,14.10,58.90,20.50,41.00,50.80,46.90,38.60,49.80,35.10,51.40,31.80
2026-3-11,13:19:32,47.60,48.80,60.10,23.70,77.50,11.20,61.90,20.90,72.90,13.70,59.30,19.80,40.90,50.10,47.00,37.80,50.00,35.00,51.60,31.60
2026-3-11,13:20:32,47.70,47.00,59.90,24.00,77.60,11.00,62.00,20.50,73.00,13.70,59.50,19.50,40.90,50.10,47.00,37.20,50.10,33.70,51.60,30.60
2026-3-11,13:21:32,47.60,47.90,59.80,23.80,77.60,10.90,62.10,20.30,73.10,13.50,59.70,19.00,40.80,49.00,47.20,36.40,50.20,33.70,51.80,30.30
2026-3-11,13:22:32,47.90,47.30,60.20,23.70,77.90,11.00,62.30,20.00,72.10,13.90,59.30,19.60,40.90,48.90,47.40,36.20,50.40,33.30,51.90,30.10
2026-3-11,13:23:32,46.00,49.00,60.20,23.40,78.40,10.70,61.90,20.40,71.80,14.20,58.60,20.30,40.80,50.30,47.30,35.80,50.20,33.40,51.40,30.20
2026-3-11,13:24:32,43.90,53.40,60.20,23.60,78.50,10.70,61.50,20.90,71.30,14.10,58.10,20.80,40.70,49.40,47.30,35.40,50.00,33.40,51.00,31.10
2026-3-11,13:25:32,43.30,53.80,59.80,23.50,78.20,10.70,60.70,21.00,70.70,14.30,57.60,20.70,40.60,48.60,47.30,34.70,50.00,32.60,50.60,31.00
2026-3-11,13:26:32,42.50,54.40,59.90,23.30,78.00,10.70,60.20,21.00,70.20,14.50,56.30,21.80,40.70,48.90,47.20,34.40,49.80,32.40,50.10,30.90
2026-3-11,13:27:32,41.20,56.50,59.60,23.40,77.60,10.80,60.20,21.00,70.00,14.20,56.00,21.90,40.50,48.70,47.10,34.40,49.60,33.40,50.00,31.40
2026-3-11,13:28:33,41.70,55.70,59.40,24.20,77.20,11.30,60.00,21.90,70.70,14.50,55.60,23.20,40.50,50.70,46.90,36.00,49.50,34.10,49.80,32.30
2026-3-11,13:29:33,43.40,54.60,59.60,24.40,77.00,11.30,60.30,22.00,71.20,14.50,56.50,22.40,40.70,49.90,46.70,37.30,49.60,34.70,50.30,32.60
2026-3-11,13:30:33,45.40,51.20,59.80,24.10,77.10,11.30,60.50,21.60,71.30,13.90,57.20,21.90,40.60,49.10,46.70,36.30,49.80,34.60,50.80,31.80
2026-3-11,13:31:33,45.30,50.20,59.80,23.90,77.30,11.30,60.80,21.80,71.40,14.10,57.40,21.80,40.70,49.80,46.80,36.70,49.80,34.20,50.90,31.50
2026-3-11,13:32:33,45.70,50.70,59.80,24.10,77.30,11.40,60.90,21.70,71.60,14.20,57.70,21.80,40.70,49.80,46.90,36.60,50.00,34.80,51.20,31.80
2026-3-11,13:33:33,45.80,49.50,59.90,23.70,77.70,10.90,61.00,21.10,71.50,14.00,57.00,21.60,41.10,49.00,46.90,36.50,49.90,33.90,50.90,31.10
2026-3-11,13:34:33,44.50,51.90,59.70,23.90,77.50,11.00,61.00,21.10,71.60,14.20,57.60,21.10,40.80,50.00,46.90,36.10,50.00,33.90,51.10,31.00
2026-3-11,13:35:33,45.30,51.00,59.70,23.40,77.60,10.90,60.80,20.80,71.50,13.80,57.20,21.10,40.90,48.60,47.00,35.80,49.90,33.20,50.90,30.50
2026-3-11,13:36:33,43.80,52.70,59.60,23.60,77.60,10.80,60.80,21.10,71.60,13.80,57.60,21.00,40.70,48.60,47.00,35.50,50.00,33.30,50.90,31.00
2026-3-11,13:37:33,44.00,51.10,59.50,23.50,77.80,10.70,60.70,20.90,71.40,13.80,56.80,21.20,40.80,48.20,47.00,34.60,49.90,33.10,50.70,30.70
2026-3-11,13:38:33,42.90,54.20,59.50,24.00,77.70,10.90,60.50,21.10,71.30,13.90,56.60,21.70,40.70,48.70,46.90,35.40,49.70,33.10,50.40,31.10
2026-3-11,13:39:33,43.20,53.80,59.40,24.40,77.50,11.20,60.30,21.80,71.40,14.60,57.10,22.30,40.70,50.70,46.90,36.30,49.70,34.30,50.50,31.70
2026-3-11,13:40:33,44.10,53.20,59.60,24.20,77.60,11.10,60.60,21.60,71.50,14.30,57.60,21.70,40.80,50.30,47.00,36.60,49.80,34.00,50.80,31.70
2026-3-11,13:41:33,44.60,52.10,59.70,24.00,77.50,11.10,60.90,21.20,72.00,13.70,58.00,20.70,40.60,49.40,47.10,36.40,49.80,34.30,50.90,31.40
2026-3-11,13:42:33,45.40,50.70,59.30,24.50,77.50,11.10,60.90,21.10,72.60,13.90,58.20,20.80,40.70,51.30,47.00,37.20,49.90,33.70,51.10,31.20
2026-3-11,13:43:34,45.80,51.80,59.40,24.80,77.70,11.30,61.10,21.60,72.80,14.10,58.70,20.80,40.50,51.20,47.10,37.20,50.00,34.30,51.30,31.00
2026-3-11,13:44:34,46.40,49.70,59.60,24.70,77.80,11.20,61.30,21.40,72.00,14.30,58.40,21.20,40.40,51.90,47.20,37.10,50.20,34.50,51.50,31.50
2026-3-11,13:45:34,45.00,51.50,59.50,24.10,77.70,11.00,61.40,20.90,71.80,14.00,58.80,19.90,40.60,50.30,47.30,36.40,50.20,34.50,51.70,31.10
2026-3-11,13:46:34,45.80,50.50,59.60,24.00,77.60,11.00,61.60,20.80,72.20,13.90,58.90,19.90,40.80,49.90,47.40,36.80,50.20,33.50,51.90,30.40
2026-3-11,13:47:34,47.00,48.50,59.60,24.50,77.40,11.40,61.80,20.70,72.40,14.10,59.50,20.00,41.00,49.80,47.50,36.60,50.50,33.50,52.30,30.10
2026-3-11,13:48:34,47.80,48.40,59.70,24.70,77.30,11.40,61.80,21.10,71.90,14.50,59.70,20.00,41.00,51.20,47.60,36.60,50.70,34.40,52.60,30.20
2026-3-11,13:49:34,47.50,49.70,59.60,23.90,77.20,10.90,61.60,21.00,71.90,13.70,59.60,19.10,40.70,48.70,47.70,36.60,50.80,33.50,52.60,29.90
2026-3-11,13:50:34,47.60,46.70,59.30,24.20,0,0,61.70,20.60,72.30,13.60,59.90,19.40,40.80,49.70,47.70,35.30,50.80,33.10,52.70,29.00
2026-3-11,13:51:34,48.40,46.00,58.60,24.50,76.80,11.30,61.70,20.70,72.30,13.60,59.90,18.80,40.80,49.30,47.80,35.50,50.90,33.10,52.80,28.80
2026-3-11,13:52:34,48.20,46.80,58.50,24.90,76.70,11.20,61.60,20.60,71.60,14.30,60.00,18.80,40.70,49.80,47.90,36.20,51.00,32.20,52.90,28.90
2026-3-11,13:53:34,47.60,47.80,58.10,25.40,76.50,11.30,61.70,20.50,71.00,14.20,60.10,19.00,40.50,49.60,48.00,35.60,51.10,32.30,53.10,28.70
2026-3-11,13:54:34,47.10,47.50,58.00,25.30,76.00,11.60,61.50,20.60,69.50,15.20,60.00,18.70,40.20,50.80,48.10,34.40,51.10,32.40,53.10,28.30
2026-3-11,13:55:34,45.60,50.30,58.10,25.10,75.50,11.80,61.20,21.00,68.60,15.50,59.40,19.40,39.90,51.40,48.20,35.00,51.10,32.60,52.80,29.20
2026-3-11,13:56:35,45.80,50.30,57.90,25.80,74.90,11.90,60.90,21.40,69.10,15.00,59.20,19.50,39.90,51.40,48.10,33.90,51.10,32.50,52.80,28.80
2026-3-11,13:57:35,46.50,49.20,58.10,25.70,75.00,11.90,60.90,21.40,69.30,15.50,58.80,20.10,39.80,52.30,48.30,34.70,51.00,32.40,52.50,29.10
2026-3-11,13:58:35,45.90,49.90,58.00,25.00,75.30,11.70,60.40,21.30,69.10,15.10,57.70,20.70,40.30,51.10,48.10,34.20,50.90,32.40,52.00,29.60
2026-3-11,13:59:35,43.60,53.40,57.90,26.50,75.00,12.10,60.20,22.00,69.20,15.70,57.50,22.30,40.40,52.10,47.90,35.40,50.60,33.20,51.60,30.50
2026-3-11,14:0:35,44.70,52.90,57.60,26.60,74.80,12.30,60.30,21.90,69.30,15.30,57.50,21.90,40.10,51.10,47.90,36.00,50.70,33.80,51.70,30.90
2026-3-11,14:1:35,45.60,49.70,56.70,26.30,74.50,11.90,60.40,21.30,69.50,14.70,57.60,20.70,40.10,49.60,47.80,35.50,50.70,33.20,51.70,30.20
2026-3-11,14:2:35,46.10,49.30,56.90,27.00,74.40,12.10,60.30,21.50,69.50,15.70,58.00,21.20,40.20,52.50,47.80,35.30,50.80,32.80,52.10,29.50
2026-3-11,14:3:35,47.00,49.50,57.20,27.30,74.50,12.40,60.50,22.30,69.30,15.40,58.20,21.50,40.30,51.60,47.80,36.30,50.80,33.70,52.20,30.50
2026-3-11,14:4:35,46.50,49.50,57.50,26.70,74.60,12.40,60.80,21.60,68.90,15.40,58.10,21.20,40.20,51.70,47.90,36.00,50.80,33.60,52.30,30.10
2026-3-11,14:5:35,45.50,50.50,57.30,26.40,74.30,12.10,60.70,21.40,68.90,15.50,57.80,21.20,40.10,52.40,47.80,35.50,50.80,33.50,52.30,30.00
2026-3-11,14:6:35,45.60,51.70,57.20,26.80,74.00,12.40,60.60,21.40,69.10,15.50,58.00,20.90,39.90,52.20,47.80,36.30,50.80,33.50,52.30,30.20
2026-3-11,14:7:35,46.50,49.60,57.00,27.00,73.90,12.60,60.60,21.20,69.10,15.30,58.30,20.80,39.70,51.60,47.70,36.00,50.80,32.80,52.40,29.20
2026-3-11,14:8:35,46.70,48.70,56.60,26.70,73.80,12.30,60.50,21.10,69.20,15.40,58.40,19.80,39.80,51.60,47.80,35.60,50.90,32.30,52.50,29.10
2026-3-11,14:9:35,46.50,49.50,56.50,27.10,73.70,12.50,60.50,21.70,69.40,15.10,58.50,20.40,39.60,52.40,47.80,35.80,50.90,32.90,52.50,29.30
2026-3-11,14:10:36,46.90,49.00,56.80,27.00,73.90,12.40,60.60,21.40,69.40,15.00,58.40,20.60,39.70,52.00,47.80,35.80,51.00,33.00,52.60,29.20
2026-3-11,14:11:36,46.00,50.30,56.90,26.80,73.80,12.50,60.50,21.70,69.40,14.90,58.40,20.20,39.90,51.50,47.80,35.10,50.90,33.00,52.60,29.40
2026-3-11,14:12:36,46.60,49.10,57.00,25.90,73.80,12.20,60.00,21.20,68.70,15.20,57.50,20.80,40.30,49.40,47.90,33.80,50.80,31.50,52.20,29.00
2026-3-11,14:13:36,43.50,53.00,57.00,26.60,73.70,12.30,59.70,22.00,67.80,15.20,56.60,21.80,40.00,49.90,47.80,34.30,50.70,32.40,51.70,29.60
2026-3-11,14:14:36,41.70,55.50,56.90,26.40,73.70,12.20,59.80,21.90,66.70,16.40,56.30,22.20,39.80,51.40,47.70,34.30,50.60,32.30,51.50,29.80
2026-3-11,14:15:36,41.40,57.70,56.60,27.00,73.00,12.60,59.40,22.20,66.00,17.10,56.40,22.30,39.20,53.30,47.50,35.50,50.40,33.20,51.50,30.10
2026-3-11,14:16:36,41.20,57.90,56.30,27.60,72.30,13.10,59.00,23.00,64.90,17.60,56.30,22.80,38.80,53.70,47.30,36.40,50.30,33.20,51.30,30.70
2026-3-11,14:17:36,40.90,57.70,55.80,27.70,71.00,13.30,58.40,23.40,64.00,18.00,56.00,22.50,38.60,54.20,47.20,35.00,50.20,33.50,51.20,30.90
2026-3-11,14:18:36,40.70,58.70,55.20,28.40,70.40,13.70,57.90,23.60,63.30,18.50,55.30,23.50,38.60,54.20,47.00,35.60,49.90,33.30,50.70,31.30
2026-3-11,14:19:36,40.70,57.90,54.80,28.80,69.50,14.10,57.50,23.70,62.80,19.10,55.10,23.80,38.50,55.30,46.90,36.50,49.80,34.20,50.50,31.70
2026-3-11,14:20:36,41.40,57.40,54.10,28.80,68.50,14.30,57.00,24.10,62.10,19.00,54.80,23.20,38.20,54.80,46.80,36.50,49.60,34.10,50.40,31.70
2026-3-11,14:21:36,41.50,57.20,53.70,29.60,67.70,14.90,56.50,24.50,62.00,19.20,54.60,24.10,37.90,56.70,46.60,37.00,49.50,33.80,50.30,31.70
2026-3-11,14:22:36,42.40,56.30,53.40,30.10,67.30,15.50,56.20,25.20,62.60,18.80,54.50,24.20,37.80,56.30,46.60,36.90,49.50,34.50,50.20,32.30
2026-3-11,14:23:36,43.60,53.70,53.30,30.00,67.20,15.40,55.90,25.10,62.50,19.00,53.60,25.00,38.20,55.20,46.50,36.20,49.10,34.40,49.80,32.50
2026-3-11,14:24:37,42.30,54.80,52.90,30.60,66.80,15.60,55.40,26.00,63.00,18.70,53.50,25.40,38.30,56.00,46.20,37.70,49.00,34.80,49.50,33.50
2026-3-11,14:25:37,43.00,55.30,52.80,30.80,66.90,15.60,55.20,26.00,63.00,18.90,53.50,25.30,38.20,55.60,46.10,38.00,48.80,34.90,49.40,33.20
2026-3-11,14:26:37,42.40,55.60,52.80,30.80,66.80,15.50,55.20,26.30,62.70,18.80,53.70,24.90,38.20,55.30,45.90,38.20,48.80,35.20,49.40,33.70
2026-3-11,14:27:37,42.40,55.60,52.60,30.60,66.40,15.60,55.20,25.80,62.00,19.40,53.60,24.60,38.00,55.60,45.90,37.40,48.70,35.10,49.50,33.00
2026-3-11,14:28:37,42.10,55.90,52.10,31.10,65.90,15.90,54.90,25.70,61.00,20.00,53.10,25.20,37.70,55.60,45.80,37.50,48.50,35.00,49.40,33.10
2026-3-11,14:29:37,41.40,56.20,51.20,32.10,65.30,16.10,54.50,26.10,60.70,20.90,52.70,25.80,37.40,57.00,45.70,37.30,48.40,35.40,49.10,33.20
2026-3-11,14:30:37,41.90,57.00,51.30,31.70,65.10,16.40,54.40,26.30,60.70,19.90,52.30,25.80,37.40,56.20,45.60,37.40,48.20,35.20,48.70,33.50
2026-3-11,14:31:37,42.20,56.00,51.30,31.50,64.90,16.30,54.40,26.40,61.30,19.40,52.20,25.90,37.70,55.30,45.50,38.40,48.10,35.50,48.50,33.90
2026-3-11,14:32:37,42.80,55.10,51.40,31.60,64.90,16.40,54.20,26.30,60.70,20.20,51.90,26.40,37.90,55.10,45.30,36.90,47.90,35.20,48.40,34.40
2026-3-11,14:33:37,40.40,58.00,51.40,32.30,64.70,16.70,53.60,27.30,60.10,20.50,51.00,28.00,37.90,55.70,45.10,38.40,47.60,35.50,47.70,35.20
2026-3-11,14:34:37,39.40,61.20,51.20,32.40,64.30,17.00,53.50,27.70,59.70,21.10,51.20,27.80,37.60,56.60,45.10,39.10,47.50,36.80,47.50,35.50
2026-3-11,14:35:37,39.60,60.80,51.10,32.90,63.80,17.30,53.40,27.80,59.00,21.50,51.40,27.70,37.00,57.60,45.00,39.20,47.40,37.00,47.70,35.50
2026-3-11,14:36:37,39.50,61.50,50.70,33.70,63.10,17.40,52.90,28.70,58.00,22.30,51.30,27.80,36.50,58.30,44.80,39.50,47.30,37.20,47.70,35.60
2026-3-11,14:37:37,39.20,61.40,50.30,32.90,62.50,17.60,52.20,28.50,56.70,22.60,50.10,28.40,36.10,58.30,44.70,37.90,47.00,35.90,47.20,35.50
2026-3-11,14:38:37,37.20,64.60,49.40,34.00,61.20,18.70,49.10,32.30,55.50,24.00,48.10,31.30,35.60,60.00,43.80,39.40,44.70,37.80,45.10,37.50
2026-3-11,14:39:38,37.30,65.10,48.00,36.50,60.00,19.70,46.20,37.00,54.60,24.70,46.20,34.50,35.30,60.40,42.60,41.90,42.20,43.00,42.40,43.10
2026-3-11,14:40:38,38.20,62.60,46.70,37.60,58.80,20.40,43.90,40.00,53.60,25.50,44.70,36.10,34.80,61.10,41.70,42.40,40.80,44.30,40.60,44.80
2026-3-11,14:41:38,37.80,62.60,46.30,38.30,58.20,20.80,42.30,42.70,52.90,26.40,44.00,37.50,34.50,62.30,40.80,44.50,39.70,47.20,39.30,48.20
2026-3-11,14:42:38,36.80,65.70,45.50,39.80,57.40,21.80,41.80,44.20,52.10,27.50,43.60,38.40,34.40,63.60,40.40,46.30,39.20,48.60,38.70,50.30
2026-3-11,14:43:38,37.20,66.10,45.10,39.90,56.30,22.20,40.40,46.20,51.00,28.90,42.50,40.00,34.00,64.20,39.60,46.70,37.80,51.10,37.70,51.80
2026-3-11,14:44:38,36.30,67.00,44.10,42.10,56.00,23.00,40.70,46.30,51.70,28.60,42.40,40.80,34.10,64.20,39.00,48.70,37.80,53.30,37.40,54.40
2026-3-11,14:45:38,37.60,64.60,43.60,43.20,55.70,23.50,40.80,47.10,52.40,27.60,42.50,41.40,34.40,64.80,39.00,50.00,38.10,52.50,37.70,53.70
2026-3-11,14:46:38,39.10,62.30,43.60,42.80,55.90,23.00,40.90,45.70,52.80,26.80,42.70,40.10,34.70,62.30,39.00,50.30,38.10,52.40,37.70,53.40
2026-3-11,14:47:38,39.60,60.50,43.00,44.30,55.60,23.60,41.20,46.10,53.30,27.10,42.60,41.10,35.20,63.00,39.20,49.50,38.60,51.00,38.10,53.00
2026-3-11,14:48:38,40.60,58.30,43.30,44.90,55.90,24.00,41.40,47.20,53.30,27.70,42.70,42.10,35.30,63.80,39.20,50.60,38.60,52.20,38.30,53.60
2026-3-11,14:49:38,40.40,60.50,43.40,42.80,55.90,23.00,41.40,45.00,53.30,26.20,43.00,40.20,35.40,60.80,39.20,48.40,38.60,50.00,38.50,50.90
2026-3-11,14:50:38,40.10,59.10,43.30,43.30,55.40,23.20,40.90,45.90,52.10,27.50,42.30,40.60,34.80,61.50,38.90,48.90,37.80,52.50,38.00,52.00
2026-3-11,14:51:38,37.80,63.30,43.20,42.50,54.50,23.50,39.70,47.20,50.60,28.90,41.30,42.10,34.30,62.50,38.10,49.80,36.30,54.30,36.90,53.80
2026-3-11,14:52:38,35.40,68.20,42.90,44.20,54.30,24.60,39.90,48.60,50.20,30.40,41.10,43.70,34.00,65.20,37.70,52.10,36.10,56.30,36.60,55.70
2026-3-11,14:53:39,36.10,68.50,42.40,45.70,54.20,25.10,40.30,48.70,50.80,29.40,41.30,43.80,34.40,64.50,37.90,52.40,36.60,56.00,36.80,56.10
2026-3-11,14:54:39,37.90,65.00,42.30,45.20,54.30,24.60,40.40,47.10,51.40,28.60,41.60,42.50,34.60,63.30,38.20,50.80,37.20,53.60,37.40,54.10
2026-3-11,14:55:39,39.40,61.40,42.10,45.90,54.30,24.80,41.00,46.50,52.20,28.10,41.50,43.20,34.90,63.00,38.30,51.00,37.40,53.60,37.60,54.00
2026-3-11,14:56:39,39.80,61.00,41.50,45.20,53.80,24.30,41.20,44.70,51.80,27.20,41.10,42.00,35.10,60.30,38.30,49.80,37.60,51.60,37.50,52.50
2026-3-11,14:57:39,38.60,60.90,41.10,46.10,53.50,24.90,40.80,45.20,51.40,27.90,41.10,42.70,35.10,60.60,38.50,49.90,37.90,52.10,37.70,52.70
2026-3-11,14:58:39,38.70,61.60,40.90,46.60,53.30,25.20,40.70,45.30,51.10,28.70,41.20,42.80,35.00,62.00,38.40,49.60,37.90,51.60,37.70,52.60
2026-3-11,14:59:39,38.40,62.30,40.80,47.50,53.20,26.00,40.70,48.00,51.00,29.30,41.30,43.60,34.80,62.60,38.60,49.90,37.80,52.50,37.80,52.80
2026-3-11,15:0:39,39.00,61.00,41.20,46.70,52.90,25.90,40.20,47.50,50.30,29.80,41.00,43.40,34.30,63.20,38.30,51.00,36.90,54.00,37.30,54.10